{
  "accuracy": 0.9444444444444444,
  "precision": 0.9724770642201835,
  "recall": 0.9298245614035088,
  "f1_score": 0.9506726457399103
}