{
  "accuracy": 0.9292929292929293,
  "precision": 0.9464285714285714,
  "recall": 0.9298245614035088,
  "f1_score": 0.9380530973451328
}