{
  "accuracy": 0.9242424242424242,
  "precision": 0.889763779527559,
  "recall": 0.9912280701754386,
  "f1_score": 0.9377593360995851
}