{
  "accuracy": 0.9646464646464646,
  "precision": 0.9652173913043478,
  "recall": 0.9736842105263158,
  "f1_score": 0.9694323144104805
}