{
  "accuracy": 0.9848484848484849,
  "precision": 0.9826086956521739,
  "recall": 0.9912280701754386,
  "f1_score": 0.9868995633187774
}