{
  "accuracy": 0.9797979797979798,
  "precision": 0.9741379310344828,
  "recall": 0.9912280701754386,
  "f1_score": 0.9826086956521738
}