{
  "accuracy": 0.9747474747474747,
  "precision": 0.9739130434782609,
  "recall": 0.9824561403508771,
  "f1_score": 0.9781659388646288
}