{
  "accuracy": 0.9696969696969697,
  "precision": 0.9655172413793104,
  "recall": 0.9824561403508771,
  "f1_score": 0.9739130434782608
}