{
  "accuracy": 0.9848484848484849,
  "precision": 0.9911504424778761,
  "recall": 0.9824561403508771,
  "f1_score": 0.9867841409691629
}