{
  "accuracy": 0.9646464646464646,
  "precision": 0.9495798319327731,
  "recall": 0.9912280701754386,
  "f1_score": 0.9699570815450643
}