{
  "accuracy": 0.98989898989899,
  "precision": 0.9827586206896551,
  "recall": 1.0,
  "f1_score": 0.9913043478260869
}