{
  "accuracy": 0.9747474747474747,
  "precision": 0.9658119658119658,
  "recall": 0.9912280701754386,
  "f1_score": 0.9783549783549784
}