{
  "accuracy": 0.9746192893401016,
  "precision": 0.957983193277311,
  "recall": 1.0,
  "f1_score": 0.9785407725321889
}