{
  "accuracy": 0.9898477157360406,
  "precision": 1.0,
  "recall": 0.9824561403508771,
  "f1_score": 0.9911504424778761
}